,Region,Sales,Profit,Transactions,Customers
1,West,105149.06,25509.37,430,234
3,Central,69047.55000000002,22608.65,321,175
0,East,56175.81,14909.45,358,200
2,South,42934.81999999999,12127.590000000002,213,129
